{
 "body": "The official Moodle mobile app is now available to access your Moodle courses<br><br>",
 "contentHtml": "The official Moodle mobile app is now available to access your Moodle courses. Using the app, you will be able to: View course materials, even when offline.Participate in course activities.Receive instant course notifications.View Calendar events, even when offline.Pull to refresh data on your screen.Upload images and other files.Find and contact course participants.Search for courses.Display course in portrait/landscape view.View your course grades.  The app is available for free download at: Apple iTunes storeGoogle Play StoreWindows Microsoft store You can also install the app directly from your mobile device by searching for “Moodle Mobile’ with author/owner ‘Moodle Pty Ltd’  To use the Moodle mobile app: Enter http://moodle.yorku.ca/moodle as the site nameEnter your Passport York usernameEnter your Passport York password Your My courses page appears, listing your registered courses. You can click on the course title to access your Moodle course or click the ' Contents', ' Participants' or ' Grades' icons.",
 "sourceUrl": "http://moodle.info.yorku.ca/student_resources/students/documentation/student_moodle_mobile/",
 "id": "1",
 "title": "Mobile App"
}
