{  "body": ".<br>Moodle is compatible with most modern web browsers, including recent versions of Chrome, Firefox and Safari<br>",  
"contentHtml": "Moodle is compatible with most modern web browsers, including recent versions of Chrome, Firefox and Safari. However, for the current version of Moodle the following browsers are recommended: Browser Minimum Version Recommended Version  Google Chrome 30.0, Latest Mozilla Firefox 25.0, Latest Apple Safari 6, Latest Microsoft Internet Explorer 9, Latest (Internet Explorer 10 is required for dragging and dropping of files from outside the browser into Moodle). Certain Moodle functions will not work with some browsers. For instance, some display issues were discovered with Moodle in various versions of Internet Explorer.  For Moodle to function correctly, it is recommended that the following requirements be met: Pop-ups are enabledCookies are enabledJava is installed, up-to-date and enabledFlash Player is up to date",  
"sourceUrl": "http://moodle.info.yorku.ca/instructor_resources/instructors/training/recommended_browser_settings/",  
"id": "2",  "title": "Recommended Browser Settings" }