{
  "body": ".<br><br>",
  "contentHtml": "Your Moodle profile includes information about you, such as your name, e-mail address, and location. After logging in to Moodle, you will see your name at the top right of the browser window which links to your Moodle profile.\nWhen editing your profile, some settings are mandatory while others may not be available to you as they are locked by the system. Settings that have a  symbol next to them offer brief help on that particular setting.  Simply click on the symbol and a dialogue box will open with additional details about the setting.\nFollow these steps to modify your profile information.\nRequired profile settings that must be entered are identified by this symbol.  Unless specified otherwise, it’s best not to change any default settings. \n\nClick on your name at the top right of the browser window to launch your Moodle profile.\nClick Edit profile under the User details column.\nClick Expand all to expand each of the sections and reveal the options once on the Edit Profile page.\n \n\nEnter an address in the Email address field if it is blank or if you would like to set an alternate an e-mail address. Since this field is mandatory, it is important to set a valid e-mail address as Moodle will send you a message to confirm the validity of the account. If you are changing your e-mail address, you will need to confirm the email change before it will take effect.If you have a @yorku.ca e-mail account, this field is automatically populated with your @yorku.ca e-mail address. \nSpecify who can see your e-mail address by selecting the appropriate option from the E-mail display drop-down list.  nEnter your city or town in the City/town field. \nChoose the country from the Select a country drop-down list. By default, Canada is selected as your country.\nLeave the default setting in the Time zone field.\nNote that themes can be set differently within each course by the instructor, which will override the preferred theme set in your profile.\nSet a desired theme from the Preferred theme drop-down list. This option allows you to change the look and style of the My Courses page as well as in your course. Please note that this option may not be available depending on how the course is set up.\nEnter the information you want to share about yourself in the Description text box. This description will be visible to all course participants in all your courses.\n\nAdd a picture to your profile in the User picture section by clicking the Add link or dragging the file from your local computer and drop it in the marked area (dashed rectangle).  The picture will display wherever your profile information is used such as in Forums or when someone views your profile.\nEnter a list of interests separated by commas in the List of interests text box.\nUse the Optional settings if you wish to offer more contact information.\nClick the Update profile button at the bottom of the screen to apply the settings to your profile.\n \n \nYou also have the option to customize notifications that you receive from your Moodle courses.\n\nClick on the Edit profile link once more, and click on the PREFERENCES link to the left\nClick on Forum preferences.\nSelect the desired option from the E-mail digest type drop-down list. This setting is particularly important if you are using Forums in your course since it determines how forum messages will be sent to you. \nNo digest (single email per forum post): This option will send you a separate e-mail message for each post made in a forum as it is added. The number of emails received will depend on how many forums you are subscribed to and how active they are.\nSubjects (daily e-mail with subjects only): This option will send you an e-mail message that includes only a list of links to new forum post subjects for the day, including authors. You can click the subject link in the digest to view the complete forum post on Moodle.\nComplete (daily e-mail with full posts): This option will combine all forum posts into one e-mail message.\nFrom the Forum auto-subscribe drop-down list, specify whether Moodle will automatically subscribe you to a forum after your initial post. If set, this option will check to see if you are already subscribed to a discussion forum when you post a reply to it. You can unsubscribe from a forum at any time.\nSpecify whether you want to keep track of new posts made in forums from the Forum tracking: drop-down list.Although the setting you choose here will be the default behaviour for any Forum created in the course, this same setting is also available in each Forum, therefore you can modify it as necessary.  Selecting Yes: highlight new posts for me will highlight forum messages that you have not yet been read so that you can quickly see what’s new.\nClick the Save changes button to accept your Forum preferences",
  "sourceUrl": "http://moodle.info.yorku.ca/student_resources/students/documentation/managing_your_profile/",
  "id": "4",
  "title": "Managing Your Profile"
}