{
  "body": ".<br><br>",
  "contentHtml": "Attendance is an optional feature that allows instructors to report attendance in face-to-face classes into Moodle. Depending on how the instructor has configured it, attendance reports can be viewed by the instructor and the student, and a grade can be assigned. Instructors are able to customize the attendance status descriptions (i.e. present, absent, late, etc.) and the grade associated with each. Students can view their attendance record and grade (where available) by clicking the Attendance activity link on the main course page. The Attendance activity can be identified by the icon. The Activity page provides a summary in the top left corner and a table with a list of all sessions with information related to: Type: indicates the type of session; possible types are: common sessions for the entire class and group sessions used for tutorials, labs or other group-based sessions Date & Time: indicate the date and time of the particular session Description: gives a general description of the class as designated by the instructor. Status: indicates the status of your attendance for the particular session (i.e. present, absent). Status variables may vary amongst instructors. Sessions marked with ? have not been recorded. Remarks: contains any notes the instructor made about your attendance for the particular session. You can change the view of the Attendance sessions by month, week or day by clicking the relevant button above the table, to the right.",
  "sourceUrl": "http://moodle.info.yorku.ca/student_resources/students/documentation/using_attendance/",
  "id": "6",
  "title": "Using Attendance"
}