{
 "body": "<br><br>",
 "contentHtml": "The Progress bar is a tool for students and instructors to keep track of the completion of Moodle course activities and resources. The instructor selects which course items are monitored in a bar graph that indicates which items are complete, incomplete or late. The Progress bar appears to both students and instructors as a block on the main course page. As a student, you will see a colour-coded bar on your block representing the completion status of the specific course activities as selected by the instructor similar to the one below. Depending on how your instructor has configured the block, you may not see the Now indicator to show the current point in time in relation to the expected activity completion dates, or the Progress percentage, which represents the percentage of items you have completed that are being monitored. Each monitored activity represents one section of the bar, and the colour of the section varies depending on the expected completion date and whether or not the student has completed the activity.  green: indicates an activity that has been completed red: indicates an activity that has not been completed, and the expected completion date has passed grey: indicates an activity that has not been completed, but the expected completion date has not yet passed For more information about each of the monitored activities, you can:  hover over each section with your mouse of the Progress bar to display the name of the activity and it's status click individual sections to navigate to the Moodle page for the specific activity or resource It is possible to have multiple Progress bars in a single course to monitor different kinds of activities. For example, your instructor might set up a Progress bar block to monitor Discussion forums and another for other Assignments.",
 "sourceUrl": "http://moodle.info.yorku.ca/student_resources/students/documentation/using_progress_bar/",
 "id": "7",
 "title": "Using the Progress Bar"
}
