{
 "body": "<br><br>",
 "contentHtml": "Scheduler is a tool that instructors can use to allow students to sign up for face-to-face appointments or other course events through a Moodle. Instructors may use this tool to set up consultations with students on individual assignments or for sign up for regular office hours. It may also be used as a sign-up tool for other course activities, such as presentations.  When Scheduler opens, it will display the instructions or comments from the instructor, information about your previously Attended slots and the list of Slots that are available.To schedule an appointment- Click the button in the Choice column for the slot you would like to book. It will become selected.Click Save my choice.Once saved, the selected slot appears in bold.To reschedule a slot- Click the button in the Choice column of the new slot you would like to book. It will become selected.Click Save my choice. The new slot is saved and displayed. Your instructor will receive a notification of the change.You will only be able to schedule one appointment at a time using Scheduler, and it is also possible that the instructor has configured the particular Scheduler activity so that students can only sign up for one slot for the given period, for example in the case of a sign up activity for presentations. Typically, once the date and time of an appointment have passed, the previous appointment selection is removed and you are able to schedule a new appointment.  Under certain circumstances, you may be required to book appointments for groups, such as group projects or presentations. If your instructor has enabled this feature, one person from each group can book an appointment on behalf of the entire group.To schedule an appointment on behalf of groups- Click the button in the Choice column for the slot you would like to book. It will become selected.Click the Appoint for my whole group check box so that a checkmark appears.Click Save my choice. There is currently no way for a student to cancel an appointment through Moodle. If you need to cancel your appointment, contact the instructor directly giving sufficient notice.",
 "sourceUrl": "http://moodle.info.yorku.ca/student_resources/students/documentation/using_scheduler/#squelch-taas-toggle-shortcode-content-1",
 "id": "8",
 "title": "Using Scheduler"
}
