{
 "body": "<br><br>",
 "contentHtml": "The Moodle Wiki functions as an individual as well as collaborative group space. This collaborative process allows every group member to participate in the writing process.  All activities are logged, making it possible to revert to previous document version.  The wiki document can be one page or can consist of several pages.You can easily distinguish this activity by the Wiki icon that appears to the left of the learning activity within your course. Click on the title of the Wiki from the course home page. The Wiki summary page will appear and you will be prompted to create the Wiki's first page. If this wiki is a collaborative group, the first page may already have been created by a member in your group. If so, you can continue to edit the Wiki page to add your content.Click the Create page button. You will see the activity description and an HTML editor under the Edit tab as shown below.Enter your content into the HTML editor text area.Click the Preview button to preview the page as it will appear on Moodle.Click the Save button to have the changes added to the page.   After creating your first wiki page, you may need to add more content and or update existing content. Remember to use the built-in HTML editor to format your content. Click on the title of the Wiki from the course home page.Click the View tab to preview your wiki to determine the changes necessary. If the WIki contains links to several pages, click the desired page link to view the content of that page.Using the HTML editor, you can format text by highlighting it and clicking the relevant button on the toolbar on top of the editing box.  The HTML format is the default, which makes it easier to create and format your content.Click the Edit to start editing the Wiki page and proceed to use the built-in HTML editor to make any formatting changes required. Click the Preview button to preview your changes.Click the Save button to have the changes add to the page.  Home contains links to all of the sections.Click on the title of the Wiki from the course home page.Click the View tab to preview your wiki to determine the changes necessary.Click the Edit tab to start editing the current page.Type the title of your page within double brackets as illustrated above.Click the Preview button to confirm changes.Click the Save button to apply your changes.  You will be redirected to the View tab which displays the page with your recent changes.Click the hyperlink of the title you've inserted in the previous step. You will be prompted to a create a new page. Follow the previous instructions on Creating the Initial Page.  Click on the title of the Wiki from the course home page.Click the View tab to preview your wiki to determine the changes necessary.Click the Edit tab of the page where you would like to add the image.Click the Insert image icon  to upload your image to the wiki. The illustration below guides you through the process of uploading an image file from your computer and inserting into your wiki. It is important to type a description of your image so that screen readers can inform users about the image. Click the Insert button to complete the process.Click the Save button to apply your changes.  You will be redirected to the View tab which displays the page with your recent changes. You can also click the Files tab to confirm that the image has been added to the wiki files repository.  The Comments tab allows you to add and view comments made to a wiki page. Comments can improve the group workflow because it makes editing the wiki document easier to manage as change is documented. Comments are visible to everyone with access to the Wiki.You can only edit and or delete your own comments.Click on the Comments tab.Click the Add comment link.Type your comments in the HTML editor window.Click  Save changes button to add your comments to the wiki. The comment will be added to the wiki showing who added the comment and when it was added.  The Map tab allows you to view a summary of activities in a wiki. You can view a listing of all the pages in your wiki, and you can see contributions by each group member.  You can click on the Map menu drop-down box to see other options available to you.",
 "sourceUrl": "http://moodle.info.yorku.ca/student_resources/students/documentation/using_wiki/#squelch-taas-toggle-shortcode-content-0",
 "id": "10",
 "title": "Using Wiki"
}
