{
 "body": "<br><br>",
 "contentHtml": "Adobe Connect is a web conference application that can be used for synchronous events in Moodle. Your instructor may use this feature for online office hours, or to enhance classroom activities. If your instructor has enabled this activity in your course, you can participate by following the instructions below. Participating in an Adobe Connect Session - Click on the Adobe Connect activity link from your course home page. A Summary of the meeting information is displayed including the date/time, as well as any specific instructions your instructor may have provided. Make sure your flash player is up to date. Latest version available at www.get.adobe.com/flashplayer/ Click on the Join Meeting button. A popup window appears requiring you to log in. Click the radio button for Enter with your login and password. Enter your PassPort York username and password and click Enter Room. Take a few minutes to watch the tutorial on Tips for using Adobe Connect for Participants. The meeting room is launched with a tutorial to get you started, navigate the tutorial by clicking on the Next or Previous button. Click on Meeting in the top left row and select 'Audio Setup Wizard'. Follow the instructions to setup and tune your audio devices. Refer to the vendor Visual Quick Start guide to become familiar with the Adobe Connect layout and how to participate in an Adobe Connect Meeting. Additional tutorials available at www.www.connectusers.com/tutorials/ . At the end of your meeting, close your Adobe Connect window to exit.",
 "sourceUrl": "http://moodle.info.yorku.ca/student_resources/students/documentation/using_adobeconnect/",
 "id": "11",
 "title": "Using Adobe Connect"
}
