{
 "body": "<br><br>",
 "contentHtml": "The Messages feature allows you to communicate with other Moodle users. When the user you are messaging is online a pop-up with your message is displayed to him/her. When offline, depending on the user's settings, your message is sent as an e-mail notification or as a pop-up display the next time the user is online. If you enable message notifications to be sent to your e-mail account (regardless of your online status), you can either reply directly from your email (which moves the message outside of Moodle) or by logging in to Moodle to reply (which keeps the message inside Moodle).   You can send messages to Moodle users who are part of the participant list in your course(s) or from the general Moodle users' list. Follow the steps below to send a message to a Moodle user:  Click Messages at the top right side of your Moodle page. The Messages page appears displaying the Message navigation and the user Search window which allows you to search for users on Moodle. You can enter user's name in the search field if they are not in any of your courses. Select the course from Moodle navigation drop-down if you would like to message a participant in that course. A list of participants in the course will appear. Click the user name whom you would like to message. A message screen will appear. Enter a message in the Message box. Click Send message button to send a message.  When you log into Moodle, a dialogue box will appear indicating that you have received a new message from a user. This is usually found on the bottom right corner of your Moodle page. To view message follow the instructions below:  Click Go to messages to view the new message. Messages screen will appear. Click the user's name to open the message. The message window will appear in the right half of the screen.     You can manage users in your contact list on Moodle by using the icons displayed next to user's name.  The  icon allows you to add users to your contact list. The icon allows you to block users from messaging you. Users you have blocked will be displayed with This user has blocked you from sending messages to them instead of a message box. The icon allows you to view the message history with another user.",
 "sourceUrl": "http://moodle.info.yorku.ca/student_resources/students/documentation/messaging/",
 "id": "12",
 "title": "Messaging"
}
