{
 "body": "<br><br>",
 "contentHtml": "Camtasia Relay is a lecture capture solution that is available in supported classrooms at the University. Tips and Tricks: Try using a different Web browser if you cannot see the video playing. Try to delete and re-import the podcast link if the iTunes podcast is not updating.Depending on how and what your instructor chooses to deliver their course information, you may already have found Camtasia Relay in your curriculum. While Camtasia Relay is definitely NOT a replacement for attending the in-class lectures, it does work well as a study aid and exam preparation tool. Consider that when you are in class, making notes and trying to focus, that instead, you can actively focus on engaging, learning and experiencing the lecture. After the class, you can go back to the lecture by logging in to Moodle or by updating your RSS or iTunes podcasts, and watch and listen to the lecture again, for as many times as you need.",
 "sourceUrl": "http://moodle.info.yorku.ca/student_resources/students/documentation/lecture_recordings/",
 "id": "14",
 "title": "Lecture Recordings"
}
