{
 "body": "<br><br>",
 "contentHtml": "The Book module is a multi-page resource with a book-like format. You can read the display the book chapter by chapter within Moodle or print all or parts(s) of the book. You can easily distinguish this content type by the Book icon  that appears to the left of the Book title.   View Content Within a Book  Click on the Book title on your Moodle main course page to view the book. Click the  or icons to view the previous or next chapter or sub-chapter respectively. You can also click the links within the Table of Contents block to jump to a specific chapter.   Print a Page  Click Print this chapter within the Administration block to print the open chapter. This will open a new browser window displaying the content. Click the Print option from the File menu to print the page.   Print Complete Book  Click Print book within the Administration block. This will open a new browser window displaying the contents of the book. Click Print from the File menu to print the page.",
 "sourceUrl": "http://moodle.info.yorku.ca/student_resources/students/documentation/viewing_a_book/",
 "id": "15",
 "title": "Viewing a Book"
}
