{
 "body": "<br><br>",
 "contentHtml": "If your instructor has chosen to use quizzes in your Moodle course, the following document will assist you with taking and submitting your quiz.    Ensure your browser settings are set to the recommended browser settings. Navigating away from a timed quiz will not pause the timer. The quiz will be submitted automatically when the time expires. If possible, use a cable Internet connection rather than a wireless connection to reduce the likelihood of interruption while working. Click the  Quiz title on your course home page. The Quiz summary page will appear, which will display any instructions provided by your instructor for the quiz. Information regarding the quiz, such as the number of attempts, time available for quiz and quiz period will also be displayed on this page.  Click Attempt Quiz Now to take the quiz. A pop-up screen will appear asking if you are sure you wish to begin your attempt. Click the Start attempt to begin the quiz. If your instructor has disabled the option to answer questions in any order, then you will not be able to navigate within the questions using the quiz navigation block.Click the question number in the Quiz Navigation block if you would like to navigate within questions. The quiz navigation blocks display question number, quiz timer for timed quizzes and a link to finish the attempt. Answer the question in the quiz. Click Next to move to the next question. The previous question will be automatically saved. The instructor will be able to see which questions were flagged while marking.Click the  Flag question icon if you would like to flag a question. You can go back to the questions you have flagged and review them from the Summary of attempts page after the last question but before submitting the quiz. Click the Submit all and finish button on Summary of attempt page to submit the attempt. A confirmation pop-up will appear asking you to confirm whether you would like to submit your attempt. Click the Submit all and finish to confirm submission. You will be redirected to review your answers.     Your instructor determines the information that you can review for each Quiz attempt. To review your attempt at a later time, follow the instructions below:  Click on the Quiz title on the Course home page. You will be brought to a summary screen that will list your attempts. Click the Review link to view the quiz review.",
 "sourceUrl": "http://moodle.info.yorku.ca/student_resources/students/documentation/taking_an_online_quiz/#squelch-taas-toggle-shortcode-content-0",
 "id": "17",
 "title": "Taking an Online Quiz"
}
