{
 "body": "<br><br>",
 "contentHtml": "The main focus of Turnitin, is to compare student submissions work with global repositories, internet sources, journals, and publication to assess the authenticity of the submitted work. You can easily distinguish a Moodle Turnitin assignment from other assignments in your Moodle course by the Turnitin icon  that appears to the left of the assignment title. Preview the latest release 'Turnitin Feedback Studio' to become familiar with the interface: http://www.turnitin.com/demo/feedback Before submitting your Turnitin assignments, it is important that you ensure your computer meet the system requirements: http://www.turnitin.com/self-service/system-requirements.html   To successfully submit a Turnitin assignment, please note the following requirements:  Assignment file(s) must contain more than 20 words. A scanned file which is a picture of text is not accepted. The file size has to be less than 40MB. Maximum of 400 pages for an assignment submission. No spaces between every letter (e.g. l i k e t h i s) The following Word processing software and file types will be accepted by Turnitin. Please note the exceptions for each of the software to avoid problems when preparing your assignments.  Microsoft Word ® (.doc / .docx)  Except Microsoft Office 365 files created with Microsoft Online / OneDrive  Editing and re-saving the file on a desktop computer with MS-Office is an alternative solution Please Omit macros in your assignment file OpenOffice Text (.odt)  .doc files created in OpenOffice is not accepted. They are not Microsoft Word equivalent Google Docs via Google Drive  .odt' files created in Google Drive is not accepted. WordPerfect ® (.wpd) PostScript (.ps/.eps) Adobe ® PDF Microsoft PowerPoint ® (.pptx, .ppt, .ppsx, and .pps)  Text with visual effects is not accepted Other visual effects e.g.: Shadows, 3-D should be removed Microsoft Excel (.xls and .xlsx) HTML Rich text format (.rtf) Plain text (.txt) Hangul Word Processor file ( .hwp) Below, are some word processing software in the marketplace that are not supported by Turnitin. If you choose to use any of these tools to create your assignment, you must save your files as a Text file (.txt) or a Rich Text Format (.rtf)  Microsoft ® Works (.wps) file types Apple Pages file types Spreadsheets created outside of Microsoft Excel (i.e. .ods)      Click the   Turnitin assignment title on your Moodle course home page. Click the My Submissions tab located in the top row. You may be given the option by your instructor to choose the submission type as File Upload or Text Submission. If available, click the Submission Type drop-down list and select the appropriate option. Enter the title of your submission in the Submission Title field.  You may upload the following file types for your assignment: MS-Word (.doc/.docx), Portable Document Format (.pdf),  Rich Text Format (.rtf), Plain text (.txt).File Upload:  Click the Add icon, the File picker window appears In the left side pane, click Upload a file Click the Choose File button for the attached field Navigate to your assignment file, select it and click open Click upload this file Click the confirmation checkbox, accepting responsibility for the assignment you are uploading. Click the Add Submission button. The upload is successful once you receive messaging, a digital receipt, and the Turnitin submission id Click close in the upper right corner to return to the My Submission page. Text Submission:  Click the Submit Paper icon, the submit paper window appears For the Submission Type field: click the drop-down menu and select Text submission For the Submission title field: enter your firstname_lastname_ass# For the Text to submit field: copy and paste your response Click the checkbox, accepting responsibility for the assignment you are uploading. Click the Add Submission button. The upload is successful once you receive messaging, a digital receipt, and the Turnitin submission id Click close in the upper right corner to return to the My Submission page.     The Similarity report reviews match between your submission and databases indexed by Turnitin.  Depending on the options enabled by your instructor, you as a student may be able to review the information generated. Under the ‘Similarity column,’ the icons indicate the percentage of the similarity score and the corresponding color on a blue(0%)  to red scale(100%).  The initial report is usually generated within ten (10) minutes, and subsequent reports every 24 hours until the due date.  Click the  Turnitin assignment title on your Moodle course home page. Click the My Submissions tab located in the top row. Under the Similarity column, click on the score to view the report generated.     Your instructor can choose to enter your mark and add comments to your assignment directly within Turnitin. To view this information, follow the instructions below. The grade that is displayed within Turnitin assignment is also listed in the Moodle Gradebook.  Click the  Turnitin assignment title on your Moodle course home page. Click the My Submissions tab located in the top row. Your grade will appear under the Grade column. Click on the grade or the similarity report to view feedback from your instructor.",
 "sourceUrl": "http://moodle.info.yorku.ca/student_resources/students/documentation/submitting_a_turnitin_assignment/#squelch-taas-toggle-shortcode-content-0",
 "id": "18",
 "title": "Submitting a Turnitin Assignment"
}
