{
 "body": "<br><br>",
 "contentHtml": "The Choice feature in Moodle allows your instructor to gather input and feedback within your course. Choice activities are presented to you as a set of questions with radio buttons through which you can select your responses. Please note that your responses can be displayed or kept confidential, depending on how your instructor sets up the privacy settings of the Choice activity. Using the Choice Activity  Click on the Choice title on your Moodle course. You will be taken to the Choice summary screen. On this screen a question will be presented to you with a number of options. Click the radio button associated with your choice to select it. Click Save my choice button to save your selection.",
 "sourceUrl": "http://moodle.info.yorku.ca/student_resources/students/documentation/participating_in_a_poll_choice/",
 "id": "20",
 "title": "Participating in a Poll"
}
