{
 "body": "<br><br>",
 "contentHtml": "Moodle is compatible with most modern web browsers, including recent versions of Chrome, Firefox and Safari. However, for the current version of Moodle the following browsers are recommended: Certain Moodle functions will not work with some browsers. For instance, some display issues were discovered with Moodle in various versions of Internet Explorer. For Moodle to function correctly, it is recommended that the following requirements be met: Pop-ups are enabled Cookies are enabled Java is installed, up-to-date and enabled Flash Player is up to date",
 "sourceUrl": "http://moodle.info.yorku.ca/instructor_resources/instructors/training/recommended_browser_settings/",
 "id": "21",
 "title": "Recommended Browser Settings"
}
