{
 "body": "<br><br>",
 "contentHtml": "Getting Started - Access to Moodle requires a Passport York login and password. If you do not have a Passport York account, you can find information on how to obtain one. To access Moodle: Go to moodle.yorku.ca Locate the login box. Make sure the current academic year is selected. Enter your Passport York username and password.     We provide continuous access to previous years course materials. When you log-in you will be able to access courses from previous academic year from your My Courses page. If you let us know the courses you would like to be backed up, we will do our best to locate them for you. Courses prior to 2012-13 academic year is no longer available for backup. Please note that the time required to retrieve and back up these courses will take longer than our normal processing time. We will let you know if we are able to find the course(s) or if we have any questions to aid our search.   There could be multiple reasons for this: Your course is not offered through Moodle. You are not officially enrolled in the course. Your professor has not yet made the course available to students. You were registered late and it can take up to 48 hours to view your course listed in Moodle. Please contact your professor to ensure that you should have access. If you continue to have problems, please contact the Client Services by phone at 416-736-5800 or by email at ithelp@yorku.ca.     Access to Moodle requires a Passport York login and password. If you have forgotten your username or password, see: http://www.yorku.ca/computing/students/accounts/forgotppypwd.html   To update your profile, please refer to the Your Moodle Profile section within the Moodle Quick Start Guide for Students.     Please check whether your question is answered on this page. If not, you may refer to student documentation.   For any content-related inquiries that are specific to your course, please contact your professor. For any technical inquiries about Moodle, please contact the Client Services by phone at 416-736-5800 or by email at ithelp@yorku.ca.     Use the Navigation block at the top left of the page to get back to the homepage.     Communication and Collaboration   Once you have created a forum posting, you have 15 minutes to either delete or make changes to it. Once that time has expired, you would have to contact your instructor and request to have the posting removed for you.     To receive forum notifications by email, you must subscribe to forums. Subscribing to forums allows you to receive emails every time a discussion occurs in a forum. If you do not know how to subscribe to forums, please refer to the Moodle Quick Start Guide      E-mails are an essential part of the way Moodle works. They are used to keep you up to date with what is gonig on. If you wish to reduce the amount of emails you receive, you can do the following: Edit your profile and change your e-mail settings to digest Unsubscribe from non-essential forums (although they are there for a reason)     Content (Course Materials)   Please ensure that you have the appropriate application (e.g., correct version of Microsoft Office) to open your document. If in doubt, check with your instructor which application you should use.     Assessment and Evaluation   To view your grades, follow the steps below: Log in to Moodle@York, and click on the required course title that appears. Click on Grades  in ‘Settings’ block. The User report will be displayed. You may click on Overview report to view grades of all the courses you are enrolled in. To view grades for a specific assignment, follow the steps below: Log in to Moodle@York, and click on the required course title that appears. Click on the assignment name of which you want to view the grades and feedback. You can see grades and feedback received for that assignment in the middle section of the page.     Moodle has an idle timeout of 4 hours. If you are inactive for 4 hours, you will be automatically logged out and your unsaved results may be lost because of the inactivity.     You might have exceeded the quiz time limit and received a zero for the quiz. Should this occur, please contact the course instructor immediately.     Please refer to the Turnitin documentation for Moodle.     Lecture Recordings   If available, the video lectures can be found in the forum lecture recordings within your Moodle course.     For any technical related inquiries about Lecture Recording, please contact the Client Services by phone at 416-736-5800 or by email at ithelp@yorku.ca     Please refer to Lecture Recordings for Moodle.     Please contact your professor to obtain the necessary link for the lecture recordings.",
 "sourceUrl": "http://moodle.info.yorku.ca/student_resources/students/frequently-asked-questions/#squelch-taas-toggle-shortcode-content-0",
 "id": "21",
 "title": "Frequently Asked Questions"
}
