{
 "body": "<br><br>",
 "contentHtml": "At the beginning of a course, there are a number of steps instructors need to take in order to get their Moodle courses ready. These include requesting the course, setting the course format and layout, adding and organizing the content, and preparing the Gradebook. The following list outlines the broad steps instructors should take in order to make their courses ready for students.   You will need to complete a request form in order to have access to the course in Moodle. You can request a restoration of course content from a previous term. Courses prior to 2012-2013 academic year are not available for restoration. Due to the high number of Moodle course requests at the beginning of the term, we suggest you submit your requests two weeks prior to the start of term to ensure its availability at the start of your classes. You can request your course here.     As a course instructor, you are automatically assigned the role of Instructor in your courses. This role allows you to control many things within your course including adding new users. You may want to add TAs, co-instructors or colleagues to your course. You are able to assign different roles for each user depending on which privileges you want each user to have. Students are added to all courses automatically. For more information on adding users to your course, refer to the Adding Users to your Course documentation page.     Before adding content to your course, it is important to configure a few settings that will affect how the course is organized and presented to students. All major course options can be accessed from the Edit settings link on the Administration block from the course homepage. The following configurations are critical to the initial set up of your course: General  Course Start date Course Format  Format Number of sections Course layout Groups  Group mode Refer to the figure below to locate these specific settings on the Edit course settings page.  For more information on configuring your course, refer to the Customizing Course Settings documentation page.     Once the course format has been configured, you will be able to customize the topic sections of your course. If you have selected Weekly format, the date will automatically be added as section titles. If you have selected Topics formats, the default section titles will be Topic 1, Topic 2, etc. You can easily edit these section titles and add a description or summary of the section by clicking the Edit icon below the section title. If the Edit icon is not visible ensure edit mode is turned on by clicking on Turn editing using the button on the top right corner of the page. For more information on setting up section topics, refer to the Formatting Course Layout documentation page.     The type of content in a Moodle course is divided into two broad categories: Resources and Activities. Resources comprise of the materials available including uploaded files, links to web pages and videos, and other content. Activities are typically used as a way for students to engage with the content and also for assessment purposes. These include discussion forums, assignments, quizzes, etc. The content of a course can be added at any time and is generally organized by section topic. For more information on adding content to your course, refer to the About Course Content and Learning Resources documentation page.     On the left and right sides of the course homepage, you will see several Blocks with grey title bars. These blocks offer specialized tools for course management including administrative and navigational functionality. By default, your course will have the Navigation, Administration, Recent Activity, Activities and Library Resources blocks. However, several other blocks are available that instructors and/or students may find useful in managing the course. For more information on setting up blocks, refer to the Using and Managing Blocks documentation page.   Moodle includes a built-in gradebook in each course. Course gradebooks are made available to all students in a Moodle course by default; however, the course instructor can determine which grades to display. Each student can see only their own course grades and not the grades of others. Gradable Moodle activities include Assignment, Quiz, Forum, Glossary, Database, Journal, and others. Gradebook columns can also be added as needed for “offline” or manual grading activities. It is important to set the grading scheme and add items to the gradebook at the beginning of the term. Otherwise, as individual grades are added, the course grade displayed to students may not be an accurate representation of their true standing in the course. You may also opt to hide the course grade from students to avoid any confusion. For more information on the Gradebook, refer to the About the Gradebook and Step-by-step Guide to Setting up the Gradebook documentation pages.     By default a course is not initially visible to students, allowing instructors the opportunity to work on the course before making it available to students. This includes adding content and assessment activities and setting up the Gradebook. When you are ready to display the course to students, you can change the Visible setting to Show on the Edit course settings page. For more information on configuring your course, refer to the Customizing Course Settings documentation page.",
 "sourceUrl": "http://moodle.info.yorku.ca/instructor_resources/instructors/training/checklist_beginning/#squelch-taas-toggle-shortcode-content-0",
 "id": "22",
 "title": "Steps to Make Your Moodle Course Student-Ready"
}
