{
 "body": "<br><br>",
 "contentHtml": "Your Moodle profile includes information about you, such as your name, and location. The page also contains links to edit your profile information, view forum and blog posts. After logging in to Moodle, you will see your name at the top right of the browser window, which links to your Moodle profile.  When editing your profile, some settings are mandatory while others may not be available to you as they are locked by the system. Settings that have a   question mark symbol next to them offer brief help on that particular setting. Simply click on the symbol and a dialogue box will open with additional details about the setting. Follow these steps to modify your profile information.  Login to Moodle and click your name on the top right of the browser window. In the User profile page, click on Edit Profile to edit your profile. Enter an address in the Email address field if it is blank or if you would like to set an alternate e-mail address. If you have a @yorku.ca e-mail account, this field is automatically populated with your @yorku.ca e-mail address. It is important to set a valid e-mail address as Moodle will send you a message to confirm the validity of the account. Once you have received the confirmation message, click on the link to confirm your intent to change your e-mail address in Moodle. Moodle prevents you from accessing your course while your e-mail address is pending validation.   Specify who can see your e-mail address by selecting the appropriate option from the E-mail display drop-down menu. Enter your City or town in the City/town field. Choose the country from the Select a country drop-down menu. By default Canada is selected as your country. Leave the default setting in the Timezone field. To avoid issues with time-sensitive postings, you may want to advise students that dates and times for submissions are course local time.  Set a desired theme from the Preferred theme drop-down list. This option allows you to change the look and style of the My Courses as well as in your course if the course theme has been set to Do not force. Note that themes can be set differently within each course, which will override the preferred theme set in your profile. Enter information you want to share about yourself in the Description text box. This description will be visible to all course participants. Add a picture to your profile in the User picture section by clicking the Add link or dragging the file from your local computer and dropping it in the marked area (dashed rectangle).  The picture will display wherever your profile information is used such as in Forums or when someone views your profile. Enter any Additional names in the relevant boxes as desired in the Additional names field. Enter a list of interests separated by commas in the List of Interests text box. Use the Optional settings if you wish to offer more contact information to your students. Click Update profile at the bottom of the screen to apply the settings to your profile.",
 "sourceUrl": "http://moodle.info.yorku.ca/instructor_resources/instructors/training/managing_your_profile/",
 "id": "23",
 "title": "Managing Your Profile"
}

