{
 "body": "<br><br>",
 "contentHtml": "Labels are used to add text and images to course homepage. You can use labels to create headings in course sections on the main homepage, which can be an effective way to organize content.  For example, if you have several links to external websites, you could use a Label to display a title in the section where they appear then group all of the website links below the label. Similarly, you could use labels to organize groups of course materials and activities. With Labels, not only can you include formatted text but also graphics, which could enhance the look of your course and help students quickly identify topics.   Follow the steps below to add a Label to one or more sections on the course home page:  Click Turn editing on at the top right of the course home page. Click Add an activity or resource in the course section where you want the label to be situated. Select Label in the pop-up under Resources, and then click Add. The Adding a new Label page will appear.      Click Expand all to expand each of the sections and reveal the options. General  In the Label text editor box, enter the text for the label as you want it to appear on the course main page.  The box can be expanded by clicking and dragging the bottom right corner outwards. To make more editing options available, click the button to expand the toolbar.    Common Module Settings  Select the appropriate option from the Visible drop-down list. This setting determines whether the activity is visible to students. When set to Hide, students are not able to see the activity, and it appears greyed out on the Instructor's course. Restrict Access Restrict access options allow you to set restrictions on an activity or resource by date & time, or by conditions related to previous activities.   Set conditions for activity completion as required. Refer to the Restricting access to resource and activity training page for setting up restriction criteria. Click Save and display to finalize the label and return to the course homepage",
 "sourceUrl": "http://moodle.info.yorku.ca/instructor_resources/instructors/training/adding_section_labels/",
 "id": "27",
 "title": "Adding Section Labels"
}
