{
 "body": "<br><br>",
 "contentHtml": "Groups If you are planning to use groups in your course you must:   Create groups and associate students to them. Set up the activity using the appropriate group mode setting. Two methods are available to setup groups:   Instructors can manually create, name and assign specific students to groups. Instructors can use Moodle's automatic group creation utility, which creates groups based on the current course enrollment. Typically, an activity cannot be linked to only one specific group. For example, you cannot have only one group linked to a course assignment. However, it is possible when combining groups with groupings. Note that whatever method is used (manual or automatic), groups are configured based on existing students in the course.  Students who are added to a course later will need to be manually added to a group. Students removed from a course, will automatically be removed from any group they are a member of. Instructors are encouraged to verify group membership in such situations. Users can be a member of more than one group. However, note that if a user is made a member of two groups, they will have access to activities assigned to both those groups. Moodle supports three group modes:   None: Group work is not enabled. Separate: Group work is enabled, and group members cannot see or access the work in other groups. Visible: Group work is enabled, and work in other groups is viewable by all but only members of each group can edit or add new data within their group own activities. If one of these group modes has been set at the course level, students will be able to see their group membership by clicking the Participants link in the Navigation block. If group mode has been set to Separate at the course level, users will only see a list of members in their own group.  However, if it is set to Visible, Moodle will supply a list of groups which can be selected by the user.  The list of members in each visible group will be displayed.   Groupings A Grouping is two or more groups joined together for the purpose of doing an activity. For example, you may have several smaller groups working on specific tasks or projects but may want some of those groups to come together to work on a project with a broader topic or to compare notes. If groupings have been created (which also require groups to exist), an activity can be set to use only groupings, or to use both groupings and groups. From a hierarchical point of view, course users belong to a group while groups belong to a grouping. One attractive feature of Grouping is that it provides a way to assign an activity to only one specific group in a course. Other students and groups will not have access to the activity. Using groupings can also make an activity only display to those who are members of the groups that make up the grouping. It is also possible to create a group with one single student then assign that group to a grouping with the net result being that only one student would have access to any resource linked to the grouping. Groupings can be effective when a course has a large number of activities which need to be divided among different student groups, or when more control over which student groups have access to particular activities is required.",
 "sourceUrl": "http://moodle.info.yorku.ca/instructor_resources/instructors/training/groups_about_groups_and_groupings/",
 "id": "29",
 "title": "About Groups and Groupings"
}
