{
 "body": "<br><br>",
 "contentHtml": "You can manually add users to a group, or automatically by using the auto-create option within Moodle. The process of creating groups involves setting up a group and then assigning users to that group. Follow the steps below to manually create groups in a course. Click the Users menu in the Administration block to expand the sub-menu. Click the Groups link. The Groups tab appears containing two columns. The left column displays group names (initially empty). The right column will display a list of the assigned group members. Click the Create group button to setup a new group. The Create Group page appears.  Enter a required name in the Group name field. An optional description can also be included. Enter an Enrolment key if you require users with this enrolment key to be assigned to this group. If a course allows the option for users to self-enroll using a supplied key, when a user completes the enrolment process, they will automatically be assigned to the Group. Upload or drag and drop an image if you would like to associate images with groups. It will display when adding members to the group and as a thumbnail in the activities. Click the Save changes button to add the new group and return to Groups page. Repeat steps 3-6 to create additional groups.",
 "sourceUrl": "http://moodle.info.yorku.ca/instructor_resources/instructors/training/groups_creating_groups/",
 "id": "30",
 "title": "Creating Groups"
}
