{
 "body": "<br><br>",
 "contentHtml": "Option 1 Use this option when the total number of users enrolled in the course is below 100 and/or when you want to search for the user(s) to add into groups. Follow these steps to add users to a Group.  Click the Users menu in the Administration block to expand the sub-menu. Click the Groups link. The Groups tab appears containing two columns. The left column displays group names (initially empty). The right column will display a list of the assigned group members. Click the group name to add users to from the Groups list. Click Add/remove users in the Members of Group column on the right. (Note: use the Search option to help quickly locate a user from a long list.  Enter the user name or part of the namename then click search.) Click the name of the user to add from the Potential members list on the right.  You can select more than one user by Ctrl+Click (Windows PC) or Cmd+Click (Mac). Click Add to add the selected user(s) to the Group members list. Repeat adding users as necessary. To remove a user from the Group members list, click the name of the user(s) and then click Remove. Click Back to groups when you have finished adding users to the group.   Option 2 When there are more than 100 users in your course, Moodle will display Too many users (xxx) to show in the Potential members list. In this case, you will need to use the search function to add individual users to the group. Alternatively, you can assign users to a group by selecting from the list of Enrolled users. Follow the steps below to add users to a Group.  Click the Users menu in the Administration block to expand the sub-menu. Click the Enrolled users link. The list of course users will display. Locate the user you want to assign to a group from the list of enrolled users. If the alphabetical list is too long, you will need to click to the Next page to locate the user. Click the   sign within the Groups column to add the user to a group. Select the group to add the user to from the Add user into group drop-down menu. Click the Save changes button to add the user into the group and return to the Enrolled users list. You can continue to add additional users into groups.",
 "sourceUrl": "http://moodle.info.yorku.ca/instructor_resources/instructors/training/groups_adding_users_to_groups/",
 "id": "31",
 "title": "Adding Users to Groups"
}
