{
 "body": "<br><br>",
 "contentHtml": "In addition to being able to manually add users to a group, you can also create groups automatically by using the Auto-create option. Follow these steps to use the Auto-create feature to add groups in a course:   Click the Users menu in the Administration block to reveal additional items. Click the Groups link. The Groups tab appears containing two columns. The left column displays group names (initially empty). The right column will display a list of the assigned group members. Click the Auto-create groups button. The Auto-create groups options window appears.   You can create groups based on primary meets (e.g. tutorials, labs). Once you have created groups based on primary meets, group members will sync overnight to reflect any changes to tutorial enrollment.   Auto-create groups based on primary meets is only available for the following course types: LECT, ONLI, BLEN, and STDO.  Follow instructions from the previous section (Step 1, 2 and 3) Choose to create groups based on Meeting (e.g TUTR, LAB) Click the Preview button to see a preview of groups and their members before finalizing the process. The preview will appear below the General section. Click the Submit button to complete the process.    Click Expand all to expand the window and display all the options available. Choose to create groups based on a specific Number of groups or by Number of members in each group in the Auto create based on the drop-down list. Change the Naming scheme if required.  The @ symbol is used to create groups with names containing letters. For example Group @ will generate groups named Group A, Group B, Group C, etc. The # symbol is used to create groups with names containing numbers. For example Group # will generate groups named Group 1, Group 2, Group 3, etc. The default name Group can also be changed by replacing it with your preferred term (i.e. Lab @). Enter a required value in the Group/member count field.  This relates to the choice made in the previous step.If the advanced options are available (click Show advanced button), members can be assigned randomly or alphabetically to each group. Choose the role type for membership from the Select members from role drop-down list. Click Allocate and choose how you want members allocated to groups. Select Prevent last small group if you want to allocate additional members to an existing group instead of adding a new group with fewer than the number specified. This applies if Members per group is selected in the previous step Select the grouping name from the Grouping of Auto-created groups drop-down list if the new auto-created groups are to be linked to an existing Grouping.  If Groupings do not exist, you can enter a name in the Grouping name field to have it automatically created. If Grouping will not be used, you can leave this field blank. Click the Preview button to see the groups and membership before finalizing the process. The preview will appear below the configuration settings. Click the Submit button to complete the process.",
 "sourceUrl": "http://moodle.info.yorku.ca/instructor_resources/instructors/training/groups_autocreating_groups/",
 "id": "32",
 "title": "Auto-creating Groups"
}
