{
 "body": "<br><br>",
 "contentHtml": "Modifying Groups Changes in course enrolment can trigger a need to modify existing groups. Follow these steps to modify groups in a course.    Click the Users menu in the Administration block to reveal additional items. Click the Groups link. The Groups tab appears containing two columns. The left column displays group names (initially empty). The right column will display a list of the assigned group members. Highlight the name of the group to modify from the Groups list. Click the Edit group settings button to make changes to an existing group. Click the Save changes button to update the settings.   Deleting Groups Follow these steps to delete groups in a course.  Note that deleting groups will not remove the associated users from the course. Before deleting the group, verify that there is no content or submission associated with members of that group. Content in some activities (such as wiki, forums, etc.) that are associated with groups may be reset once you delete the group.   Click the Users menu in the Administration block to expand the sub-menu. Click the Groups link. The Groups tab appears containing two columns. The left column displays group names (initially empty). The right column will display a list of the assigned group members. Click the name of the group to delete from the Groups list. Click the Delete selected group button to remove the group. Click the Yes button for the confirmation message that appears.  ",
 "sourceUrl": "http://moodle.info.yorku.ca/instructor_resources/instructors/training/groups_modifying_and_deleting_groups/",
 "id": "33",
 "title": "Modifying and Deleting Groups"
}
