{
 "body": "<br><br>",
 "contentHtml": "A Grouping is two or more groups joined together for the purpose of doing an activity. For example, you may have several smaller groups working on specific tasks or projects but may want some of those groups to come together to work on a project with a broader topic or to compare notes. If groupings have been created (which also require groups to exist), an activity can be set to use only groupings, or to use both groupings and groups. Groupings can be effective when a course has a large number of activities which need to be divided among different student groups, or when more control over which student groups have access to particular activities is required. One attractive feature of Grouping is that it provides a way to assign an activity to only one specific group in a course.  Other students and groups will not have access to the activity.  Using groupings can also make an activity only display to those who are members of the groups that make up the grouping.   Follow these steps to delete groupings in a course. Note that deleting groupings will not remove the associated users from the course.  Click the Users menu in the Administration block to reveal additional items. Click the Groups link. The Groups tab appears containing two columns. The left column displays group names (initially empty). The right column will display a list of the assigned group members. Click the Groupings tab to view any existing and/or add new Grouping. Click the Create grouping button to start creating the Grouping. Enter a name in the Grouping name field.  An optional description can also be included. Click Save changes. The next screen provides three icons:  edit (cog) to modify the Grouping name and description. delete (red x) to delete the Grouping. groups (double head) to manage Groups in the Grouping. Click the Groups icon in the Edit column to start adding groups to the Grouping. Two columns will appear. The left column displays current groups in the grouping. The right side column displays current groups in the course.  To add groups to the grouping, click the group name in the Potential members column list then click the Add button. Repeat these steps to add more groups to the grouping. To remove a group from the grouping, click the group name in the Existing members column list then click the Remove button. The Group will be returned to the Potential members column list. Click Back to groupings when you have finished adding groups to the Grouping.",
 "sourceUrl": "http://moodle.info.yorku.ca/instructor_resources/instructors/training/groups_creating_groupings/",
 "id": "34",
 "title": "Creating Groupings"
}
