{
 "body": "<br><br>",
 "contentHtml": "Group and Grouping configuration can be displayed in summary format, which provides the group and grouping names and membership details. Follow these steps to display the group and grouping overview information. Click the Users menu in the Administration block to reveal additional items. Click Groups link. The Groups window appears containing three tabs: Groups, Grouping, and Overview. Click the Overview tab. Groups, grouping and member information will display in summary format. The information can be filtered by Grouping or Group by selecting from the two drop-down lists at the top of the page.",
 "sourceUrl": "http://moodle.info.yorku.ca/instructor_resources/instructors/training/groups_displaying_group_and_grouping_details/",
 "id": "35",
 "title": "Displaying Groups and Grouping Details"
}
