{
 "body": "<br><br>",
 "contentHtml": "Moodle enables you to manage access to resources and activities in your course, based on dates, grade, group, grouping, user profile fields or a combination of above variables. This Moodle feature provides considerable flexibility in managing access to course elements. For example, you may only want to allow access to an activity between certain dates, regardless of the release date set on it. An assignment could have a release date in the week three of your course with only its description being made available. You may then want to restrict access to access the assignment from week two to week four. Another scenario might be that students need to complete a quiz or research activity before being allowed to complete a related assignment. Access could be further restricted by setting a minimum grade requirement on a per-activity basis.The illustration below shows Restrict access settings available for each Moodle resource or activity in your course after you’ve clicked on Add Restrictions.These options are located at the bottom of the corresponding Edit settings screen.  The Allow access from and Allow access until options allow you to set a date & time restriction. To restrict access by date & time, click the Enable Check mark box ✔ for either or both of the date range settings then set the corresponding date(s) and time(s). The Allow access from and Allow access until settings can be used together or independently. The Grade condition option allows you to restrict the activity or resource based on a previously determined grade of another activity. You can specify a condition on any grade in the course: the full course grade, the grade for any activity, or a custom grade that you create manually. Refer to the Moodle Docs' page for more instructions on user field parameters. The User fields option allows you to restrict access based on any field from the user's profile. Choose which fields you want to restrict by (adding more if needed), select the restriction you want to put in place and then enter a value. The Activity completion condition option allows you to set completion criteria on another activity or a resource before they are able to access the activity or resource. The criterion might be viewing, receiving a certain score (pass or fail) or a student marking it as complete. You may select one or more criteria for the student to meet prior to accessing the resource/activity. Once you have selected one criterion (e.g. date), you will have the option to choose whether the student must or must not meet that criterion in order to access the activity or resource. If you decided to add a second criteria (e.g.) Grade, once you click to add that item, you will see the drop for the student change to “The student must/must not match all/any of the following:”. If “all” is chosen, the boolean term applied between each criteria will be “And”, whereas if “any” is selected, the term will change to “or”.  By choosing the “all” must apply, you will have the ability to set the individual visibility settings for each criteria. For example, if you are restricting access based on both date and grade, you can choose that the student cannot see the activity/resource prior to the date on the Moodle page (not visible - eye closed), but they don’t necessarily have to have the grade specified to have visibility to the activity/resource yet require it to access it. (Eye is closed for date, open for Grade) By choosing the “any” criteria can apply option, the set of restrictions will not be separated individually for visibility. Instead, if you have chosen to close the eye and hide visibility to students, any one of the criteria met will reveal the activity/resource to the student.",
 "sourceUrl": "http://moodle.info.yorku.ca/instructor_resources/instructors/training/restricting_access_to_resource_and_activity/",
 "id": "36",
 "title": "Restricting Access to Resource and Activity"
}
