{
 "body": "<br><br>",
 "contentHtml": "LTS maintains Moodle courses for one academic year following the end of a course for petition and administrative purposes. Beyond this time, we cannot guarantee that we will be able to restore content from previously-taught courses. For this reason, we always recommend you maintain backup copies of your courses on your local drive to ensure you are able to restore the content of your course at a later time, especially if you will not be teaching within the next academic year. Follow these steps to back up your course.  Click Backup in the Administration block on the left side of your main course page. On the Initial settings page, select the elements of the course you would like to include in the backup, and then click Next. On the Schema settings page, select the specific activities and resources you would like to include in the backup, and click Next. On the Confirmation and review page:  Edit the Filename to something you will be able to recognize, such as the course code and backup date. Review all the Backup settings and Included items. You can go back and change any of the items by clicking Previous at the bottom of the page. When you are satisfied with the backup review, click Perform backup to continue.It may take several minutes to perform the backup. Once begun, do not click any buttons or links until the Complete page appears. The Complete page appears indicating the backup process has been completed. Click Continue. The Import a backup file page appears. Your course backup appears in the User private backup area, where it can be downloaded to your computer. Click Download.   Depending on how your computer is configured, you may be prompted to select a location to save the file. Otherwise, the file will go directly your to Downloads folder. After the file has been downloaded, you can save it to a CD. The course is saved as a .mbz file. This is a unique file type for Moodle course backups and cannot be opened by other programs.",
 "sourceUrl": "http://moodle.info.yorku.ca/instructor_resources/instructors/training/backingup_course/",
 "id": "38",
 "title": "Backing up a Course"
}
