{
 "body": "<br><br>",
 "contentHtml": "The Course announcement is a special type of Moodle forum (News forum). It is provided as part of the default template when a course is created and it is located in the top middle section of the course main page. All users in your course are automatically subscribed to course announcements. When an announcement is posted via course announcements, an e-mail notification is sent to each user in the course. This can be an excellent way to ensure students are made aware of important course information, events or changes. Note that if students have set their messaging notifications to not receive e-mail notifications, the e-mail will not be sent to them and you will not be notified of this. Announcements will appear immediately in the course announcement forum, however, the e-mail notification will be delayed for 15 minutes before being sent for distribution. This delay will allow you to edit the announcement before the e-mail notification is sent. This delay period is system-wide and not configurable by course instructors. However, you can force the announcement e-mail to be sent immediately when you compose it. Follow these steps to create a course announcement:   Click the Course Announcements link on your course homepage. Click the Add a new topic button. Enter a Subject, which will appear in the history list of course announcements. It is similar to an e-mail subject line. Enter the announcement message in the Message text box. If the message will be lengthy, consider entering a short summary here and attaching a more complete document.  The box can be expanded by clicking and dragging the bottom right corner outwards. To make more editing options available,  the  button to expand the toolbar. Drag a file from your hard drive and drop it in the marked area (dashed rectangle), or click if you would like to attach a file with your post. Click the Mail now checkbox if you want your email to be sent immediately. Otherwise, there will be a 15 minute delay in sending it out in order for you to make any changes. In the Display period section you may select when the announcement will be displayed. To enable the start and/or end dates, click the Enable box(es). Click Post to forum at the bottom of the page to post the announcement. You will see a message indicating that you have 15 minutes to edit the post before participants in your course will receive an e-mail notification. Students who enroll in the course after you have sent the course announcement can view old announcements by clicking the Course Announcement link.",
 "sourceUrl": "http://moodle.info.yorku.ca/instructor_resources/instructors/training/using_course_announcements/",
 "id": "40",
 "title": "Using Course Announcements"
}
