{
 "body": "<br><br>",
 "contentHtml": "Chat allows your students to converse in real-time, meaning that they can communicate synchronously with other students in the Chat room. Chat rooms are a great way to have group discussions about a particular topic or host online Q&A sessions.    Follow the steps below to add a Chat activity to one or more of the sections on the course home page.  Click the Turn editing on button at the top right of the course home page. Click the Add an activity or resource link in the course section where you want the Chat to be listed. Select Chat from the Activities section and click the Add button. Enter a desired name in the Name of this chat room field. This name will appear on the course home page as a link for students to click on. Enter details or information related to the Chat activity in the Description box.  This is what students will see when they access the Chat session.  The description text box is a good place to set expectations with your students. For example, you might want to inform them that the chat sessions will be recorded and made available later. If the chat should be based around a particular topic you can let them know here. Use the Next chat time drop-down lists to schedule the date and time when the chat room will open. The Chat will still be available to students at any time but this option will post a calendar entry to act as a reminder for the Chat. Select the appropriate option from the Repeat sessions drop-down list to specify whether the Chat session is ongoing and how often the Chat repeats. This selection is used as an indication to students of when the chat room will be available. Select the appropriate option from the Save past sessions drop-down list to indicate how many days the chat transcript will be available online for others to view. Saving the transcript could be useful for group work discussions or for you to review the Chat session and monitor behaviour. Select Yes or No from the Everyone can view past sessions drop-down list. This option controls whether students can view the transcript or if it is only available to the instructor. In the Common module settings select the appropriate group setting if groups have been configured in your course. Refer to the Creating Group Activities training page for setting up groups. Select the appropriate restrictions to apply from the Restrict access section. Restrict access options allow you to set restrictions on an activity or resource by date & time, or by conditions related to previous activities. Refer to the Restricting access to resource and activity training page for setting up restriction criterion. Select the appropriate completion tracking criterion from the Activity completion section. This feature helps students keep track of activities they have completed.  Refer to the Using Completion Tracking training page for setting up completion criterion. Click Save and return to the course to finish adding the Chat activity.",
 "sourceUrl": "http://moodle.info.yorku.ca/instructor_resources/instructors/training/using_chat_rooms/",
 "id": "41",
 "title": "Using Chat Rooms"
}
