{
 "body": "<br><br>",
 "contentHtml": "The type of content in a Moodle course is divided into two broad categories: Resources and Activities. This document provides an overview of Moodle Resources, which you use to add resource materials to your course. Moodle Activities inlcude Assignments, Discussion Forums, Quizzes, etc., and are covered in other documentation on the York Moodle site. Resources inlcude lesson and lecture notes, slides, links to Web sites, course readings, documentation, pictures and other learning aids that students will need to meet the planned outcomes and requirements of your course. Moodle offers an assortment of Resources.  Some are directly related to creating course content while others, such as the Book, Tab and Label resources are typically used in course design and content organization. Resources can be added to any of the sections on your course main page.  To add a resource, editing must be turned on. You can toggle Edit on or off by using either the link in the Administration Block, generally located on the left side of your course page or the Turn editing on/off button at the top right of the course main page. Once in edit mode, a link will appear in each course section/topic to Add an activity or resource.  Clicking this reveals a list of activity and resource types that can be added to the course. Select a resource type, then click Add. There are several settings and options available with most Moodle resources in order to customize them to suit your needs.  Though many of the settings are the same, each resource will have its own set of specific settings. When creating resources or activities, some settings are required and are identified by this symbol   Please review the documentation specific to each resource for more details and instructions on adding them to your course.",
 "sourceUrl": "http://moodle.info.yorku.ca/instructor_resources/instructors/training/about_course_content_and_learning_resources/",
 "id": "44",
 "title": "About Course Content and Learning Resources"
}
