{
 "body": "<br><br>",
 "contentHtml": "Email files to the private files area With this feature, you can send yourself an email with an attachment and it will be saved to your private files for later use in your courses.  Browse to the Navigation menu Click on My Home Click on My profile Click on My private files You will see an email address in the private files screen. This is the email address to which the email including the attached file should be sent. Once the email with an attachment is sent, the attached file will appear in the private files area.",
 "sourceUrl": "http://moodle.info.yorku.ca/instructor_resources/instructors/training/adding_files_to_my_private_files/",
 "id": "46",
 "title": "Adding Files to the Private Files Area"
}
