{
 "body": "<br><br>",
 "contentHtml": "When you need to make several files available to students in your course, a folder can streamline the process. A folder can act as a container and placed in one or more sections of the course main page. Students can then access the folder and download files from it. Depending on your needs and course design, a folder could be more effective than using several individual file links. You can upload a folder to your Moodle course by either dragging it directly to your course page or by uploading it using Add an activity or resource dialogue box.      Create a compressed folder on your computer of the files you would like to upload to your course page. Click Turn editing on at the top right of the course home page. Drag the compressed folder to the section where you want the folder to be listed. Specify the copyright status of the files within the folder by selecting one of the drop-down options in the popup under ‘Copyright Status’.Questions about copyright? All files uploaded into Moodle@York must be compliant with Canadian copyright laws. You will need to confirm their copyright status by identifying the basis on which the file can be posted to Moodle. You can do this by selecting from a range of drop down options (e.g. permission was obtained from the copyright holder, York University Libraries’ licensed content, public domain, fair dealing, etc). For information on all options available to you visit copyright information page. Additional information on copying practices at York University can be found on the York Copyright website.  Click on the help icon to the left of the Copyright Status drop down menu for a greater explanation of each of the options. For example, if you select the option of ‘Fair Dealing’ and require more information simply click on the help icon and a popup will provide more information on that choice. For information on all options available to you visit copyright information page. Select the appropriate option and select Submit. A pop-up window will appear. Select Unzip files and create folder radio, and click Upload to finish unzipping the file. The folder appears as a link on the course home page.      Click Turn editing on at the top right of the course home page. Click Add an activity or resource in the course section where you want the folder to be listed. Select Folder in the pop-up under Resources, and then click Add. The settings page appears.      Click Expand all to expand each of the sections and reveal the options. General   Enter the title of the folder in the Name field. This name will appear as a link to access the Folder on the course main page. Enter a brief optional description about the file in the Description edit box.The box can be expanded by clicking and dragging the bottom right corner outwards. To make more editing options available, click the  button to expand the toolbar. Click the Display description on course page checkbox if you would like the description to be displayed on the course main page. Make sure a ✔ is displayed in the box to activate this option. Note that if this option is not used, the description will still appear on the Resources page that lists all course resources. Content  To add files to the folder, you can:  Drag multiple files from your local computer and drop them in the designated area, a dashed rectangle or  Click  to open the Moodle File picker and select the location of the file. Specify the copyright status of the files within the folder by selecting one of the drop-down options in the popup under ‘Copyright Status’. Click on the help icon to the left of the Copyright Status drop down menu for a greater explanation of each of the options. For example, if you select the option of ‘Fair Dealing’ and require more information simply click on the help icon and a popup will provide more information on that choice. Click on the Continue button go back to all of the Copyright Status options. For information on all options available to you visit copyright information page. Click on the appropriate option. Select Submit.   On a separate page: Students will click the folder title to be taken to a separate page where the contents of the folder can be accessed. Inline on a course page: The folder contents will be displayed in the section of the course main page. Students will be able to access all the files directly from this page without clicking off of the course page. A resource page will not be created.Select the preferred setting from the Display folder contents drop-down list. Select the Show sub-folders expanded check box if you want the contents of the folder to be expanded by default. Otherwise, initially, the folder will display collapsed. Common Module Settings  Select Hide from the Visible drop-down list if you want to hide the Folder from students. This option allows instructors to control when a resource is available to students. Restrict Access Restrict access options allow you to set restrictions on an activity or resource by date & time, or by conditions related to previous activities.  Set conditions for activity completion as required. Refer to the Restricting Access to Resource and Activity training page for setting up restriction criteria. Click Save and display to view the folder.",
 "sourceUrl": "http://moodle.info.yorku.ca/instructor_resources/instructors/training/adding_folders/#squelch-taas-toggle-shortcode-content-0",
 "id": "48",
 "title": "Adding Folders"
}
