{
 "body": "<br><br>",
 "contentHtml": "What is it? Moodle forums also referred to as discussions, offer instructors and students an opportunity to collaborate, discuss, challenge and otherwise engage in meaningful and thoughtful discourse related to course topics or activities. Forum topics are typically created or set by instructors however, depending on the Forum type, students can also add discussion topics. Each Forum can contain several discussion threads—a “thread” begins with a topic and includes a series of related replies typically listed chronologically along with the contributor’s name (and picture if set in their profile). New and revised Forum posts can optionally generate e-mail notices to subscribed participants. Previously users subscribed to entire forums and received notification for every post in the forum. The new Subscribe to individual discussions feature allows users to select the discussion to which they wish to subscribe. This would also allow users to receive notifications only for the responses they wish to see.   Why is it Significant? To be meaningful and successful learning activities, Forums should be moderated and managed effectively to keep the discussion relevant to the topic and on track.  This can be an instructor or teaching assistant responsibility or delegated to a student.  Note that course instructors always retain control and management of all Forums in the course. If moderated properly, a discussion forum can be an effective tool to enrich a student’s learning experience. Depending on the goal of the Forum and at the instructor’s discretion, students can be allowed to grade each other’s forum postings acting as a type of peer evaluation. Other useful features include display format/layout options and e-mail notification of new and revised posts.  Forums can also be set to support student group work.   Implication for Higher Education Getting a discussion started is often the hardest part of using Forums.  Open-ended questions can act as icebreakers in non-formal discussions while more thought-provoking analytical statements might serve to engage students and elicit the quality responses desired. It is also very helpful when instructors become actively involved in forum discussions to demonstrate by example that they value student contributions and participation. To encourage student participation, use forums to help students achieve course expectations.  For example, as part of a project you might create a forum where students or student groups collaborate on the project.  Students are more likely to participate in an on-line discussion forum if they see that it directly supports their learning.   Moodle Forum Features Subscribing and unsubscribing, forced subscription is also supported. Setting open and close dates to control access to Forums. Posts/replies can be graded and included in the formal student assessment process. Subscribe to individual discussions feature allows users to select the specific discussions to which they wish to subscribe.",
 "sourceUrl": "http://moodle.info.yorku.ca/instructor_resources/instructors/training/using_discussion_forums_overview/",
 "id": "49",
 "title": "Discussion Forums: An Overview"
}
