{
 "body": "<br><br>",
 "contentHtml": "Moodle offers a variety of adobe connect configuration settings in order to help you control every aspect of your event, including start/end time and meeting template among other options. An advantage to using built-in Moodle adobe connect is it will simplify the use of synchronous events within Moodle by allowing instructors to create and manage their meeting rooms inside Moodle.     Follow the steps below to add an Adobe Connect to one or more of the sections of the course. Click Turn editing on at the top right of the course home page. Click Add an activity or resource in the section where you would like the Adobe Connect event to be listed. Select Adobe connect in the pop-up under Activities, and then click Add. The Adding a New Adobe Connect page appears.     Click Expand all to expand each of the sections and reveal the options. General Enter the session title in the Meeting title field. This name will appear as a link to access the Meeting on the course main page. Enter a brief description about the meeting in the Intro text box.The box can be expanded by clicking and dragging the bottom right corner outwards. To make more editing options available, click the button to expand the toolbar.   Adobe Connect Settings Settings section allows you to configure your meeting layout and availability. Enter a URL in Meeting URL to customize the URL that will be used to connect to the Adobe connect meeting, leaving it blank automatically generate a URL.Once the meeting has been saved, you will no longer be able to edit/update this field as the field will be disabled. When updating the activity settings if Group Mode is set to no group then you will see part of the URL in the text field. Otherwise, the text field will remain blank as each course group will have their own meeting URL. Select whether this is a public or private meeting from Meeting Type.  A public meeting is one where anyone who has the URL for the meeting can enter the room. A private meeting is one where only registered users and participants can enter. The login page does not allow guests to log in. With private meetings, the meeting does not actually start until the meeting Presenter or Host joins the meeting. Select the layout of the meeting room from Meeting Templates drop-down list. Select the start date and time from the Start time drop-down lists. Select the end date and time from End time drop-down lists.   Common Module Settings Select Hide from the Visible drop-downlist if you want to hide the meeting from students. This option allows instructors to control when a resource is available to students. Select the appropriate group settings from Group mode drop-down list if groups have been configured in your course.Establishing groups in a course is a separate process from that of creating activities groups will work with. Refer to the Creating Group Activities training page for setting up groups.   Restrict Access Restrict access options allow you to set restrictions on an activity or resource by date and time, or by conditions related to previous activities. Set conditions for activity completion as required. Refer to the Restricting access to resource and activity training page for setting up restriction criteria. Click Save and display to view the assignment.     Adobe Connect allows you to add roles to course users from the Adobe Connect activity page. Follow steps below to add roles: Click the Adobe Connect meeting title on the course main page. Click the Assign roles. Select the role you would like to add from the Assign another role drop-down list. Click on the users from the Potential Users list and click on the Add button to add them to the Existing users list.",
 "sourceUrl": "http://moodle.info.yorku.ca/instructor_resources/instructors/training/adobeconnect_creating_adobeconnect/#squelch-taas-toggle-shortcode-content-0",
 "id": "51",
 "title": "Using Adobe Connect"
}
